web-scraper-order,web-scraper-start-url,descrip,precio
"1615738877-17552","https://www.inmuebles24.com/casas-en-renta-en-fraccionamiento-el-mirador-ciudad-de-queretaro-pagina-2.html","Casa en Renta en El Mirador Querétaro","MN 14,500"
"1615738957-17748","https://www.inmuebles24.com/casas-en-renta-en-juriquilla-pagina-2.html","Renta Casa Juriquilla Cumbres del Lago","MN 21,000"
"1615738915-17629","https://www.inmuebles24.com/casas-en-renta-en-juriquilla-pagina-7.html","Casa en Renta Villas del Mesón Juriquilla Querétaro","MN 25,000"
"1615738885-17568","https://www.inmuebles24.com/casas-en-renta-en-fraccionamiento-el-mirador-ciudad-de-queretaro-pagina-1.html","Casa en Renta en El Mirador Residencial del Parque","MN 12,007"
"1615738965-17753","https://www.inmuebles24.com/casas-en-renta-en-juriquilla-pagina-1.html","Casa de 4 Hab. (1 en P. B.) en Altos Juriquilla Ln","MN 18,500"
"1615738981-17818","https://www.inmuebles24.com/casas-en-renta-en-fraccionamiento-residencial-el-refugio-pagina-2.html","Casa de 3 Recámaras y Roof Garden en Renta en El Refugio Srm 21 - 2093","MN 15,500"
"1615738907-17588","https://www.inmuebles24.com/casas-en-renta-en-juriquilla-pagina-8.html","Residencia Frente Al Lago en Juriquilla, Náutico, Roof Garde","MN 30,000"
"1615738885-17553","https://www.inmuebles24.com/casas-en-renta-en-fraccionamiento-el-mirador-ciudad-de-queretaro-pagina-1.html","Casa en Renta, El Mirador, Querétaro.","MN 8,500"
"1615738931-17675","https://www.inmuebles24.com/casas-en-renta-en-juriquilla-pagina-5.html","Casa en Renta en Juriquilla","MN 22,000"
"1615738939-17683","https://www.inmuebles24.com/casas-en-renta-en-juriquilla-pagina-4.html","Casa en Renta Juriquilla","MN 13,500"
"1615738939-17698","https://www.inmuebles24.com/casas-en-renta-en-juriquilla-pagina-4.html","Casa en Venta y Renta en Juriquilla, Querétaro","MN 15,000"
"1615738989-17824","https://www.inmuebles24.com/casas-en-renta-en-fraccionamiento-residencial-el-refugio-pagina-1.html","Amplia Casa a Estrenar en El Refugio 3 Rec y Roof. Aceptan Mascotas Jf","MN 15,500"
"1615738869-17526","https://www.inmuebles24.com/casas-en-renta-en-el-campanario-ciudad-de-queretaro-pagina-1.html","Casa - Fraccionamiento El Campanario","MN 58,000"
"1615738842-17513","https://www.inmuebles24.com/casas-en-renta-en-el-campanario-ciudad-de-queretaro-pagina-2.html","Casa en Renta en El Campanario","MN 129,000"
"1615738923-17646","https://www.inmuebles24.com/casas-en-renta-en-juriquilla-pagina-6.html","Casa en Renta en Juriquilla, Querétaro","MN 26,000"
"1615738939-17700","https://www.inmuebles24.com/casas-en-renta-en-juriquilla-pagina-4.html","Casa en Renta en Juriquilla - Biogrand -.","MN 11,200"
"1615738947-17721","https://www.inmuebles24.com/casas-en-renta-en-juriquilla-pagina-3.html","Hermosa Casa de 3 Pisos en Cumbres del Lago” “excelente Iluminación","MN 30,000"
"1615738957-17737","https://www.inmuebles24.com/casas-en-renta-en-juriquilla-pagina-2.html","Casa en Renta Santa Fe Juriquilla","MN 11,500"
"1615738869-17528","https://www.inmuebles24.com/casas-en-renta-en-el-campanario-ciudad-de-queretaro-pagina-1.html","Casa - Fraccionamiento El Campanario","MN 85,000"
"1615738923-17648","https://www.inmuebles24.com/casas-en-renta-en-juriquilla-pagina-6.html","Juriquilla 3recámaras 3baños Sala Tv Estudio Ó 4°recámara en Pb Pie Roof Garden","MN 12,000"
"1615738869-17516","https://www.inmuebles24.com/casas-en-renta-en-el-campanario-ciudad-de-queretaro-pagina-1.html","Casa en Renta El Campanario, Querétaro","MN 67,500"
"1615738869-17538","https://www.inmuebles24.com/casas-en-renta-en-el-campanario-ciudad-de-queretaro-pagina-1.html","Casa en Renta El Campanario","MN 56,000"
"1615738869-17522","https://www.inmuebles24.com/casas-en-renta-en-el-campanario-ciudad-de-queretaro-pagina-1.html","Casa en Renta en El Campanario","MN 55,000"
"1615738869-17520","https://www.inmuebles24.com/casas-en-renta-en-el-campanario-ciudad-de-queretaro-pagina-1.html","Venta o Renta Hermosa Residencia en El Campanario con Vista Al Campo de Golf","MN 90,000"
"1615738923-17638","https://www.inmuebles24.com/casas-en-renta-en-juriquilla-pagina-6.html","Casa Renta Juriquilla Torre de Piedra","MN 15,000"
"1615738981-17819","https://www.inmuebles24.com/casas-en-renta-en-fraccionamiento-residencial-el-refugio-pagina-2.html","En Renta Amplia Casa Ubicada en El Corazon del Refugio","MN 14,000"
"1615738915-17630","https://www.inmuebles24.com/casas-en-renta-en-juriquilla-pagina-7.html","Hermosa Casa en Renta Lomas de Juriquilla","MN 25,000"
"1615738989-17826","https://www.inmuebles24.com/casas-en-renta-en-fraccionamiento-residencial-el-refugio-pagina-1.html","Casa en Renta Impecable en El Refugio Jgcc","MN 12,500"
"1615738931-17658","https://www.inmuebles24.com/casas-en-renta-en-juriquilla-pagina-5.html","Casa Semiamueblada en Renta en San Isidro Juriquilla de 2 Recamaras","MN 9,500"
"1615738931-17657","https://www.inmuebles24.com/casas-en-renta-en-juriquilla-pagina-5.html","Cumbres de Juriquilla. Casa en Renta. Fvr","MN 16,500"
"1615738947-17714","https://www.inmuebles24.com/casas-en-renta-en-juriquilla-pagina-3.html","Casa en Renta Amueblada Olivar del Prado","MN 9,500"
"1615738989-17840","https://www.inmuebles24.com/casas-en-renta-en-fraccionamiento-residencial-el-refugio-pagina-1.html","Casa en Renta. El Refugio. Fvr","MN 12,600"
"1615738907-17587","https://www.inmuebles24.com/casas-en-renta-en-juriquilla-pagina-8.html","Casa en Renta Pontevedra II","MN 21,500"
"1615738877-17550","https://www.inmuebles24.com/casas-en-renta-en-fraccionamiento-el-mirador-ciudad-de-queretaro-pagina-2.html","Casa Amueblada en El Mirador de 3 Dorm.! Jgj 20 - 1051","MN 20,000"
"1615738981-17810","https://www.inmuebles24.com/casas-en-renta-en-fraccionamiento-residencial-el-refugio-pagina-2.html","Casa en Renta. El Refugio. Fvr","MN 13,000"
"1615738923-17653","https://www.inmuebles24.com/casas-en-renta-en-juriquilla-pagina-6.html","Renta de Casa en Condesa Juriquilla con Roof Garden Hermosa y Espaciosa Casa","MN 22,000"
"1615738842-17512","https://www.inmuebles24.com/casas-en-renta-en-el-campanario-ciudad-de-queretaro-pagina-2.html","Casa - Fraccionamiento El Campanario","USD 4,500"
"1615738957-17736","https://www.inmuebles24.com/casas-en-renta-en-juriquilla-pagina-2.html","Casa en Renta en Querétaro","MN 39,000"
"1615738957-17747","https://www.inmuebles24.com/casas-en-renta-en-juriquilla-pagina-2.html","Altos de Juriquilla Casa de 3 Recamaras y 196 M²! Myl","MN 22,000"
"1615738907-17602","https://www.inmuebles24.com/casas-en-renta-en-juriquilla-pagina-8.html","Hermosa Casa en Renta Juriquilla Junto Al Lago","MN 45,000"
"1615738947-17715","https://www.inmuebles24.com/casas-en-renta-en-juriquilla-pagina-3.html","Casa en Lomas de Juriquilla Sin Amoblar de 3 Dorm. y 190 M²! Goc","MN 18,700"
"1615738947-17707","https://www.inmuebles24.com/casas-en-renta-en-juriquilla-pagina-3.html","Casa en Renta en Villas del Meson Juriquilla 4 Rec, y Cto de Servicio","MN 32,000"
"1615738947-17703","https://www.inmuebles24.com/casas-en-renta-en-juriquilla-pagina-3.html","Venta o Renta Hermosa Casa en Juriquilla Queretaro","MN 18,000"
"1615738907-17597","https://www.inmuebles24.com/casas-en-renta-en-juriquilla-pagina-8.html","Hermosa Casa en Renta, Villas del Mesón. 4 Recámaras 6.5 Baños, Nueva y de Autor","MN 55,000"
"1615738965-17757","https://www.inmuebles24.com/casas-en-renta-en-juriquilla-pagina-1.html","Casa de 4 Hab. en Condesa Juriquilla","MN 24,500"
"1615738981-17811","https://www.inmuebles24.com/casas-en-renta-en-fraccionamiento-residencial-el-refugio-pagina-2.html","Casa en Renta de 3 Hab + Estudio en El Refugio","MN 27,000"
"1615738892-17580","https://www.inmuebles24.com/casas-en-renta-en-fraccionamiento-milenio.html","Casa de Tres Niveles con Amplia Sala Comedor, Cuenta con 3 Reacamaras Ycc","MN 15,000"
"1615738907-17605","https://www.inmuebles24.com/casas-en-renta-en-juriquilla-pagina-8.html","Casa en Renta, Amara Grand, Altos Juriquilla","MN 16,000"
"1615738869-17534","https://www.inmuebles24.com/casas-en-renta-en-el-campanario-ciudad-de-queretaro-pagina-1.html","Casa en Renta en El Campanario Paseo de La Sacristía","MN 64,000"
"1615738973-17790","https://www.inmuebles24.com/casas-en-renta-en-fraccionamiento-residencial-el-refugio-pagina-3.html","El Refugio, Espectacular Casa Para Renta. Fvr","MN 45,006"
"1615738965-17762","https://www.inmuebles24.com/casas-en-renta-en-juriquilla-pagina-1.html","Juriquilla, con Amplio Jardín","MN 37,000"
"1615738923-17643","https://www.inmuebles24.com/casas-en-renta-en-juriquilla-pagina-6.html","Hermosa Casa Amueblada, en El Corazón de Juriquilla.","MN 21,000"
"1615738965-17774","https://www.inmuebles24.com/casas-en-renta-en-juriquilla-pagina-1.html","Preciosa Casa Residencial en Cumbres de Lago","MN 25,000"
"1615738907-17600","https://www.inmuebles24.com/casas-en-renta-en-juriquilla-pagina-8.html","Casa en Renta, Jardines de Juriquilla","MN 15,500"
"1615738931-17672","https://www.inmuebles24.com/casas-en-renta-en-juriquilla-pagina-5.html","Residencia Frente Al Lago en Juriquilla, Náutico, Roof Garden, Alberca, Jardín,.","MN 30,000"
"1615738981-17804","https://www.inmuebles24.com/casas-en-renta-en-fraccionamiento-residencial-el-refugio-pagina-2.html","El Refugio, Linda Casa Nueva Para La Renta. Fvr","MN 12,506"
"1615738885-17561","https://www.inmuebles24.com/casas-en-renta-en-fraccionamiento-el-mirador-ciudad-de-queretaro-pagina-1.html","El Mirador Casa Sin Amueblar de 3 Recamaras y 175 M²! Mly","MN 11,500"
"1615738915-17609","https://www.inmuebles24.com/casas-en-renta-en-juriquilla-pagina-7.html","Casa en Renta en Altavista Juriquilla","MN 12,000"
"1615738947-17706","https://www.inmuebles24.com/casas-en-renta-en-juriquilla-pagina-3.html","Casa en Renta en Provincia Juriquilla","MN 40,000"
"1615738973-17782","https://www.inmuebles24.com/casas-en-renta-en-fraccionamiento-residencial-el-refugio-pagina-3.html","Casa en Renta con Finos Acabados y Pisos de Porcelanato en El Refugio Ycc","MN 2,516,000"
"1615738885-17560","https://www.inmuebles24.com/casas-en-renta-en-fraccionamiento-el-mirador-ciudad-de-queretaro-pagina-1.html","Casa en Renta Amoblada y con 3 Recamaras en El Mirador Ycc","MN 10,500"
"1615738947-17723","https://www.inmuebles24.com/casas-en-renta-en-juriquilla-pagina-3.html","Casa Renta Juriquilla","MN 21,000"
"1615738939-17689","https://www.inmuebles24.com/casas-en-renta-en-juriquilla-pagina-4.html","Casa en Venta en Cumbres de Juriquilla, Qro.","MN 18,000"
"1615738965-17770","https://www.inmuebles24.com/casas-en-renta-en-juriquilla-pagina-1.html","Renta Casa Juriquilla","MN 24,000"
"1615738877-17544","https://www.inmuebles24.com/casas-en-renta-en-fraccionamiento-el-mirador-ciudad-de-queretaro-pagina-2.html","El Mirador Casa de 3 Recamaras y 150 M²! Myl","MN 12,700"
"1615738989-17836","https://www.inmuebles24.com/casas-en-renta-en-fraccionamiento-residencial-el-refugio-pagina-1.html","El Refugio, Casa en Renta a Pie de Calle. Fvr","MN 13,500"
"1615738907-17601","https://www.inmuebles24.com/casas-en-renta-en-juriquilla-pagina-8.html","Rento Casa Cumbres del Lago Juriquilla","MN 16,000"
"1615738965-17769","https://www.inmuebles24.com/casas-en-renta-en-juriquilla-pagina-1.html","Casa Amueblada en Renta o Venta en El Paraiso Juriquilla","MN 16,000"
"1615738965-17773","https://www.inmuebles24.com/casas-en-renta-en-juriquilla-pagina-1.html","Renta Casa Juriquilla","MN 25,000"
"1615738939-17693","https://www.inmuebles24.com/casas-en-renta-en-juriquilla-pagina-4.html","Altos de Juriquilla Casa Amueblada de 3 Niveles! Rahqro 21 - 373","MN 22,000"
"1615738931-17656","https://www.inmuebles24.com/casas-en-renta-en-juriquilla-pagina-5.html","Casa en Renta por Solo 6 Meses a Estrenar Lc","MN 30,000"
"1615738842-17505","https://www.inmuebles24.com/casas-en-renta-en-el-campanario-ciudad-de-queretaro-pagina-2.html","Casa - Fraccionamiento El Campanario","MN 85,000"
"1615738973-17779","https://www.inmuebles24.com/casas-en-renta-en-fraccionamiento-residencial-el-refugio-pagina-3.html","Casa en Renta El Refugio Lc","MN 12,000"
"1615738947-17720","https://www.inmuebles24.com/casas-en-renta-en-juriquilla-pagina-3.html","Renta Casa en Juriquilla 3 Recamaras 5 Baños 6 Estacionamientos","MN 40,000"
"1615738885-17563","https://www.inmuebles24.com/casas-en-renta-en-fraccionamiento-el-mirador-ciudad-de-queretaro-pagina-1.html","Bonita Casa en Renta por Cumbres del Marqués!","MN 8,500"
"1615738915-17621","https://www.inmuebles24.com/casas-en-renta-en-juriquilla-pagina-7.html","Casa en Renta La Cañada Juriquilla","MN 60,000"
"1615738939-17696","https://www.inmuebles24.com/casas-en-renta-en-juriquilla-pagina-4.html","Casa 3 Hab + Cuarto de Servicio en Juriquilla Santa Fe","MN 16,000"
"1615738989-17841","https://www.inmuebles24.com/casas-en-renta-en-fraccionamiento-residencial-el-refugio-pagina-1.html","Casa en Renta en El Refugio 3 Recamara con Amenidades Sala de Tv Ycc","MN 13,000"
"1615738842-17514","https://www.inmuebles24.com/casas-en-renta-en-el-campanario-ciudad-de-queretaro-pagina-2.html","Casa en Renta El Campanario","MN 56,000"
"1615738965-17767","https://www.inmuebles24.com/casas-en-renta-en-juriquilla-pagina-1.html","Casa en Venta/renta en Cumbres de Juriquilla - Querétaro Gps","MN 26,300"
"1615738869-17535","https://www.inmuebles24.com/casas-en-renta-en-el-campanario-ciudad-de-queretaro-pagina-1.html","Casa en Venta y Renta Lomas del Campanario I, Querétaro","MN 30,000"
"1615738842-17507","https://www.inmuebles24.com/casas-en-renta-en-el-campanario-ciudad-de-queretaro-pagina-2.html","Casa en Venta y Renta Lomas del Campanario I, Querétaro","MN 30,000"
"1615738939-17701","https://www.inmuebles24.com/casas-en-renta-en-juriquilla-pagina-4.html","Casa Duplex en Renta Valle de Juriquilla Queretaro Rcr","MN 13,500"
"1615738947-17724","https://www.inmuebles24.com/casas-en-renta-en-juriquilla-pagina-3.html","Bonita Casa Amueblada con 3 Recamaras. Aceptan Mascotas San Isidro Juri Jf","MN 11,000"
"1615738989-17829","https://www.inmuebles24.com/casas-en-renta-en-fraccionamiento-residencial-el-refugio-pagina-1.html","Casa de 3 Recámaras en Renta Dentro de Privada con Amenidades en El Refugio","MN 10,999"
"1615738947-17712","https://www.inmuebles24.com/casas-en-renta-en-juriquilla-pagina-3.html","Renta de Casa en Valle de Juriquilla con Amenidades","MN 14,000"
"1615738907-17586","https://www.inmuebles24.com/casas-en-renta-en-juriquilla-pagina-8.html","Casa en Paseo Savelli, Cumbres del Lago Juriquilla, Queretaro","MN 34,000"
"1615738981-17798","https://www.inmuebles24.com/casas-en-renta-en-fraccionamiento-residencial-el-refugio-pagina-2.html","Casa en Renta de Arquitecto en El Refugio 3 Recamaras con Roof Garden Bpa","MN 16,900"
"1615738931-17671","https://www.inmuebles24.com/casas-en-renta-en-juriquilla-pagina-5.html","Casa en Renta en Juriquilla","MN 19,000"
"1615738989-17845","https://www.inmuebles24.com/casas-en-renta-en-fraccionamiento-residencial-el-refugio-pagina-1.html","Casa en Renta en El Refugio 3 Recamaras Excelentes Amenidades Ycc","MN 12,600"
"1615738957-17734","https://www.inmuebles24.com/casas-en-renta-en-juriquilla-pagina-2.html","Juriquilla, Cumbres del Lago, 3 Recs. 3.5 Baños, Alberca, V","MN 15,000"
"1615738947-17717","https://www.inmuebles24.com/casas-en-renta-en-juriquilla-pagina-3.html","Casa Tipo Loft en Renta en Valle de Juriquilla II","MN 14,000"
"1615738931-17659","https://www.inmuebles24.com/casas-en-renta-en-juriquilla-pagina-5.html","Casa en Renta en Juriquilla","MN 15,000"
"1615738931-17677","https://www.inmuebles24.com/casas-en-renta-en-juriquilla-pagina-5.html","Casa en Renta en Condesa Juriquilla L L","MN 20,000"
"1615738842-17509","https://www.inmuebles24.com/casas-en-renta-en-el-campanario-ciudad-de-queretaro-pagina-2.html","Casa en Renta en El Campanario","MN 64,000"
"1615738907-17590","https://www.inmuebles24.com/casas-en-renta-en-juriquilla-pagina-8.html","Se Renta Casa Amueblada en Juriquilla","MN 17,500"
"1615738947-17713","https://www.inmuebles24.com/casas-en-renta-en-juriquilla-pagina-3.html","Casa en Renta en Juriquilla","MN 23,000"
"1615738965-17760","https://www.inmuebles24.com/casas-en-renta-en-juriquilla-pagina-1.html","Casa con 5 Recamaras en Punta Juriquilla","MN 60,000"
"1615738869-17518","https://www.inmuebles24.com/casas-en-renta-en-el-campanario-ciudad-de-queretaro-pagina-1.html","Hermosa Residencia en Renta El Campanario","MN 90,000"
"1615738981-17800","https://www.inmuebles24.com/casas-en-renta-en-fraccionamiento-residencial-el-refugio-pagina-2.html","Rento Casa en El Refugio Buena Ubicación Jgcc","MN 12,500"
"1615738915-17611","https://www.inmuebles24.com/casas-en-renta-en-juriquilla-pagina-7.html","Se Renta Hermosa Residencia en Lomas de Juriquilla, 4 Recámaras, Jardín, Ctoserv","MN 22,000"
"1615738981-17805","https://www.inmuebles24.com/casas-en-renta-en-fraccionamiento-residencial-el-refugio-pagina-2.html","El Refugio, Linda Casa Para Renta en Privada con Amenidades. Fvr","MN 12,000"
"1615738869-17530","https://www.inmuebles24.com/casas-en-renta-en-el-campanario-ciudad-de-queretaro-pagina-1.html","Casa Renta El Campanario","MN 85,000"
"1615738973-17778","https://www.inmuebles24.com/casas-en-renta-en-fraccionamiento-residencial-el-refugio-pagina-3.html","Querétaro El Refugio Casa de 3 Recámaras. Cmc #20 - 16060","MN 13,000"
"1615738923-17637","https://www.inmuebles24.com/casas-en-renta-en-juriquilla-pagina-6.html","Renta Casa Juriquilla","MN 20,000"
"1615738923-17652","https://www.inmuebles24.com/casas-en-renta-en-juriquilla-pagina-6.html","Se Renta o Vende Casa en Juriquilla","MN 28,000"
"1615738939-17702","https://www.inmuebles24.com/casas-en-renta-en-juriquilla-pagina-4.html","Casa en Renta en Juriquilla","MN 12,000"
"1615738923-17640","https://www.inmuebles24.com/casas-en-renta-en-juriquilla-pagina-6.html","Recámaras Juriquilla","MN 2,500"
"1615738957-17728","https://www.inmuebles24.com/casas-en-renta-en-juriquilla-pagina-2.html","Casa en Lomas de Juriquilla","MN 30,000"
"1615738915-17628","https://www.inmuebles24.com/casas-en-renta-en-juriquilla-pagina-7.html","Casa en Venta o Renta en Juriquilla, Querétaro","MN 19,000"
"1615738931-17668","https://www.inmuebles24.com/casas-en-renta-en-juriquilla-pagina-5.html","Casa en Renta en Juriquilla","MN 15,000"
"1615738923-17645","https://www.inmuebles24.com/casas-en-renta-en-juriquilla-pagina-6.html","Casa en Renta en Juriquilla, Querétaro.","MN 15,000"
"1615738907-17589","https://www.inmuebles24.com/casas-en-renta-en-juriquilla-pagina-8.html","Juriquilla, Cumbres del Lago, 3 Recs. 2.5 Baños, Alberca, V","MN 14,500"
"1615738947-17718","https://www.inmuebles24.com/casas-en-renta-en-juriquilla-pagina-3.html","Amplia Casa con Increíble Ubicación, Juriquilla. Renta","MN 18,000"
"1615738989-17822","https://www.inmuebles24.com/casas-en-renta-en-fraccionamiento-residencial-el-refugio-pagina-1.html","Renta Casa en Refugio","MN 13,500"
"1615738877-17547","https://www.inmuebles24.com/casas-en-renta-en-fraccionamiento-el-mirador-ciudad-de-queretaro-pagina-2.html","El Mirador Bella Casa de 3 Recamaras y 150 M²! Myl","MN 12,700"
"1615738957-17745","https://www.inmuebles24.com/casas-en-renta-en-juriquilla-pagina-2.html","Casa en Renta en Juriquilla","MN 65,000"
"1615738907-17592","https://www.inmuebles24.com/casas-en-renta-en-juriquilla-pagina-8.html","Casa en Renta San Isidro Juriquilla Querétaro 2 Habitaciones Cada Una con Baño","MN 8,500"
"1615738957-17740","https://www.inmuebles24.com/casas-en-renta-en-juriquilla-pagina-2.html","Casa en Venta y Renta en Cumbres del Lago Juriquilla","MN 23,000"
"1615738947-17722","https://www.inmuebles24.com/casas-en-renta-en-juriquilla-pagina-3.html","Renta Casa Juriquilla","MN 11,700"
"1615738947-17725","https://www.inmuebles24.com/casas-en-renta-en-juriquilla-pagina-3.html","Casa en Renta Los Naranjos Juriquilla","MN 13,000"
"1615738885-17565","https://www.inmuebles24.com/casas-en-renta-en-fraccionamiento-el-mirador-ciudad-de-queretaro-pagina-1.html","El Mirador Casa de 3 Recamaras y 150 M²!","MN 12,025"
"1615738957-17731","https://www.inmuebles24.com/casas-en-renta-en-juriquilla-pagina-2.html","Estrene 3recámaras, Estudio Ó 4°recámara en Pb, 3baños, Sala Tv, Roof Garden.","MN 12,000"
"1615738957-17735","https://www.inmuebles24.com/casas-en-renta-en-juriquilla-pagina-2.html","Casa en Renta Juriquilla","MN 24,000"
"1615738877-17543","https://www.inmuebles24.com/casas-en-renta-en-fraccionamiento-el-mirador-ciudad-de-queretaro-pagina-2.html","Casa en Rente. El Mirador. Fvr","MN 12,700"
"1615738869-17523","https://www.inmuebles24.com/casas-en-renta-en-el-campanario-ciudad-de-queretaro-pagina-1.html","Casa en Renta en El Campanario","MN 64,000"
"1615738957-17741","https://www.inmuebles24.com/casas-en-renta-en-juriquilla-pagina-2.html","Juriquilla","MN 15,500"
"1615738923-17641","https://www.inmuebles24.com/casas-en-renta-en-juriquilla-pagina-6.html","Amueblada Casa de 3 Niveles en Altos de Juriquilla con 196 M²!","MN 19,000"
"1615738877-17540","https://www.inmuebles24.com/casas-en-renta-en-fraccionamiento-el-mirador-ciudad-de-queretaro-pagina-2.html","Casa Amueblada en Renta en El Mirador de 3 Recámaras y Estudio 20 - 1051.","MN 25,000"
"1615738892-17578","https://www.inmuebles24.com/casas-en-renta-en-fraccionamiento-milenio.html","Bonita Casa en Dos Niveles Privada con Amenidades en Milenio III","MN 15,000"
"1615738923-17639","https://www.inmuebles24.com/casas-en-renta-en-juriquilla-pagina-6.html","Casa en Renta - Cumbre del Lago, Juriquilla - Queretaro - C1576","MN 18,000"
"1615738939-17699","https://www.inmuebles24.com/casas-en-renta-en-juriquilla-pagina-4.html","Renta Casa en Grand Juriquilla (Con o Sin Amueblar)","MN 16,500"
"1615738931-17655","https://www.inmuebles24.com/casas-en-renta-en-juriquilla-pagina-5.html","Renta Casa Amueblada en Condesa Juriquilla Queretaro Ll","MN 26,000"
"1615738981-17808","https://www.inmuebles24.com/casas-en-renta-en-fraccionamiento-residencial-el-refugio-pagina-2.html","Renta Casa, El Refugio","MN 13,000"
"1615738907-17593","https://www.inmuebles24.com/casas-en-renta-en-juriquilla-pagina-8.html","Casa en Renta en El Corazon Comercial de Juriquilla","MN 12,500"
"1615738939-17682","https://www.inmuebles24.com/casas-en-renta-en-juriquilla-pagina-4.html","Casa en Renta en Juriquilla","MN 13,500"
"1615738973-17792","https://www.inmuebles24.com/casas-en-renta-en-fraccionamiento-residencial-el-refugio-pagina-3.html","Amplia Casa a Estrenar en El Refugio Kpo 20 - 3531","MN 15,500"
"1615738931-17661","https://www.inmuebles24.com/casas-en-renta-en-juriquilla-pagina-5.html","Renta Casa Amueblada Juriquilla","MN 24,000"
"1615738877-17549","https://www.inmuebles24.com/casas-en-renta-en-fraccionamiento-el-mirador-ciudad-de-queretaro-pagina-2.html","Renta Casa Mirador","MN 12,000"
"1615738915-17627","https://www.inmuebles24.com/casas-en-renta-en-juriquilla-pagina-7.html","Juriquilla, Renta Casa en La Rochera","MN 30,000"
"1615738885-17567","https://www.inmuebles24.com/casas-en-renta-en-fraccionamiento-el-mirador-ciudad-de-queretaro-pagina-1.html","Casa Amueblado en Residencial del Parque","MN 12,000"
"1615738957-17742","https://www.inmuebles24.com/casas-en-renta-en-juriquilla-pagina-2.html","Excelente Casa en Renta en San Isidro Juriquilla","MN 10,500"
"1615738915-17608","https://www.inmuebles24.com/casas-en-renta-en-juriquilla-pagina-7.html","Renta Casa Torre de Piedra El Salitre","MN 16,000"
"1615738869-17517","https://www.inmuebles24.com/casas-en-renta-en-el-campanario-ciudad-de-queretaro-pagina-1.html","Casa en Renta en Esquina El Campanario Querétaro","MN 56,000"
"1615738939-17681","https://www.inmuebles24.com/casas-en-renta-en-juriquilla-pagina-4.html","Renta Casa Juriquilla","MN 13,500"
"1615738989-17833","https://www.inmuebles24.com/casas-en-renta-en-fraccionamiento-residencial-el-refugio-pagina-1.html","Excelente Oportunidad Casa en Renta","MN 12,500"
"1615738989-17844","https://www.inmuebles24.com/casas-en-renta-en-fraccionamiento-residencial-el-refugio-pagina-1.html","El Refugio, Casa en Renta Dentro de Privada. Fvr","MN 13,000"
"1615738939-17688","https://www.inmuebles24.com/casas-en-renta-en-juriquilla-pagina-4.html","Residencia Frente Al Lago en Juriquilla, Náutico, Roof Garden, Alberca, Jardín,.","MN 30,000"
"1615738885-17556","https://www.inmuebles24.com/casas-en-renta-en-fraccionamiento-el-mirador-ciudad-de-queretaro-pagina-1.html","Casa en El Mirador de 3 Recamaras y 126 M²!","MN 8,025"
"1615738981-17806","https://www.inmuebles24.com/casas-en-renta-en-fraccionamiento-residencial-el-refugio-pagina-2.html","Casa en Renta Dentro de Privada en El Refugio $12,500 Mensuales","MN 12,500"
"1615738923-17634","https://www.inmuebles24.com/casas-en-renta-en-juriquilla-pagina-6.html","Hermosa Casa en Renta en Valle de Juriquilla","MN 19,000"
"1615738897-17582","https://www.inmuebles24.com/casas-en-renta-en-juriquilla-pagina-9.html","Casa en Renta, Altos Juriquilla","MN 14,500"
"1615738869-17539","https://www.inmuebles24.com/casas-en-renta-en-el-campanario-ciudad-de-queretaro-pagina-1.html","Casa en Renta en El Campanario","MN 75,000"
"1615738957-17746","https://www.inmuebles24.com/casas-en-renta-en-juriquilla-pagina-2.html","Hermosa Casa en Renta en Juriquilla Kpo 20 - 3767","MN 30,000"
"1615738989-17828","https://www.inmuebles24.com/casas-en-renta-en-fraccionamiento-residencial-el-refugio-pagina-1.html","Renta Casa Amueblada, El Refugio","MN 22,000"
"1615738923-17647","https://www.inmuebles24.com/casas-en-renta-en-juriquilla-pagina-6.html","Se Renta Casa a Estrenar en San Isidro de 3 Recamaras y 3 Baños Buen Precio","MN 12,000"
"1615738885-17554","https://www.inmuebles24.com/casas-en-renta-en-fraccionamiento-el-mirador-ciudad-de-queretaro-pagina-1.html","Casa en Renta en El Mirador de 2 Recamaras Más Estudio!","MN 11,500"
"1615738897-17581","https://www.inmuebles24.com/casas-en-renta-en-juriquilla-pagina-9.html","Casa en Renta, Punta Juriquilla","MN 15,000"
"1615738947-17708","https://www.inmuebles24.com/casas-en-renta-en-juriquilla-pagina-3.html","Bonita Casa en Renta en Altos Juriquilla Querétaro","MN 14,500"
"1615738931-17673","https://www.inmuebles24.com/casas-en-renta-en-juriquilla-pagina-5.html","Casa en Renta Cumbres del Lago","MN 18,000"
"1615738877-17541","https://www.inmuebles24.com/casas-en-renta-en-fraccionamiento-el-mirador-ciudad-de-queretaro-pagina-2.html","Casa en Renta en El Mirador Aqc","MN 11,566"
"1615738957-17750","https://www.inmuebles24.com/casas-en-renta-en-juriquilla-pagina-2.html","Espacios Seguros y Tranquilos Para Vivir. Aprovecha Gran Oportunidad en Querétaro","MN 14,000"
"1615738931-17660","https://www.inmuebles24.com/casas-en-renta-en-juriquilla-pagina-5.html","Casa en Renta en Juriquilla","MN 18,000"
"1615738989-17842","https://www.inmuebles24.com/casas-en-renta-en-fraccionamiento-residencial-el-refugio-pagina-1.html","Casa en Renta en Vidanta en El Refugio Cuentan con Amenidades y La Renta Requiere Póliza Jurídica.","MN 12,000"
"1615738907-17603","https://www.inmuebles24.com/casas-en-renta-en-juriquilla-pagina-8.html","Hermosa Casa en Juriquillla","MN 23,000"
"1615738923-17644","https://www.inmuebles24.com/casas-en-renta-en-juriquilla-pagina-6.html","Casa en Renta en Juriquilla","MN 15,000"
"1615738957-17739","https://www.inmuebles24.com/casas-en-renta-en-juriquilla-pagina-2.html","Casa de 3 Hab. Dentro de Privada en Juriquilla","MN 14,500"
"1615738907-17584","https://www.inmuebles24.com/casas-en-renta-en-juriquilla-pagina-8.html","Se Renta Linda Casa en Valle de Juriquilla","MN 14,000"
"1615738923-17635","https://www.inmuebles24.com/casas-en-renta-en-juriquilla-pagina-6.html","Oficina en Renta Wtc Juriquilla","MN 14,000"
"1615738947-17709","https://www.inmuebles24.com/casas-en-renta-en-juriquilla-pagina-3.html","Casa Renta Punta Juriquilla","MN 13,000"
"1615738989-17827","https://www.inmuebles24.com/casas-en-renta-en-fraccionamiento-residencial-el-refugio-pagina-1.html","Casa en Renta. El Refugio","MN 14,013"
"1615738989-17839","https://www.inmuebles24.com/casas-en-renta-en-fraccionamiento-residencial-el-refugio-pagina-1.html","Casa en Renta, Ubicada en Uno de Los Mejores Fraccionamientos de Queretaro. Lc","MN 12,600"
"1615738965-17761","https://www.inmuebles24.com/casas-en-renta-en-juriquilla-pagina-1.html","4 Recamaras, Sala de Tv, Jadin, 2 Terrazas, Sala, Comedor, Cocina, 4 Autos","MN 37,000"
"1615738957-17744","https://www.inmuebles24.com/casas-en-renta-en-juriquilla-pagina-2.html","Se Renta Hermosa Residencia en Juriquilla, La Rica, Villas del Mesón, de Lujo.","MN 55,000"
"1615738931-17662","https://www.inmuebles24.com/casas-en-renta-en-juriquilla-pagina-5.html","Casa en Renta en Jardines de Juriquilla","MN 15,000"
"1615738931-17664","https://www.inmuebles24.com/casas-en-renta-en-juriquilla-pagina-5.html","Casa en Renta en Juriquilla","MN 12,500"
"1615738877-17548","https://www.inmuebles24.com/casas-en-renta-en-fraccionamiento-el-mirador-ciudad-de-queretaro-pagina-2.html","Excelente Oportunidad","MN 8,500"
"1615738931-17670","https://www.inmuebles24.com/casas-en-renta-en-juriquilla-pagina-5.html","Casa Amueblada en Juriquilla en Renta","MN 22,022"
"1615738981-17802","https://www.inmuebles24.com/casas-en-renta-en-fraccionamiento-residencial-el-refugio-pagina-2.html","Casa en Renta. El Refugio. Fvr","MN 18,500"
"1615738915-17613","https://www.inmuebles24.com/casas-en-renta-en-juriquilla-pagina-7.html","Casa en Renta, Fraccionamiento Alenas, Juriquilla, Qro.","MN 19,000"
"1615738989-17834","https://www.inmuebles24.com/casas-en-renta-en-fraccionamiento-residencial-el-refugio-pagina-1.html","Casa en Renta. El Refugio. Fvr","MN 12,000"
"1615738981-17816","https://www.inmuebles24.com/casas-en-renta-en-fraccionamiento-residencial-el-refugio-pagina-2.html","Casa en Renta en El Refugio 3 Recamaras y Sala de Tv. con Varias Amenidades Bpa","MN 12,000"
"1615738981-17820","https://www.inmuebles24.com/casas-en-renta-en-fraccionamiento-residencial-el-refugio-pagina-2.html","Baja de Precio! Renta de Amplia Casa a Estrenar en El Refugio 3 Rec Jf","MN 15,500"
"1615738923-17636","https://www.inmuebles24.com/casas-en-renta-en-juriquilla-pagina-6.html","Preciosa Casa en Valle de Juriquilla, Frente a Superama, 3 Recámaras, Alberca.","MN 18,000"
"1615738869-17537","https://www.inmuebles24.com/casas-en-renta-en-el-campanario-ciudad-de-queretaro-pagina-1.html","Casa en Renta en Res El Campanario","MN 85,000"
"1615738973-17789","https://www.inmuebles24.com/casas-en-renta-en-fraccionamiento-residencial-el-refugio-pagina-3.html","Casa Amueblada en Renta Veranda El Refugio","MN 17,500"
"1615738923-17650","https://www.inmuebles24.com/casas-en-renta-en-juriquilla-pagina-6.html","Casa Moderna en Renta, Valle de Juriquilla","MN 19,500"
"1615738973-17784","https://www.inmuebles24.com/casas-en-renta-en-fraccionamiento-residencial-el-refugio-pagina-3.html","Venta de Casa en El Refugio","MN 15,500"
"1615738973-17787","https://www.inmuebles24.com/casas-en-renta-en-fraccionamiento-residencial-el-refugio-pagina-3.html","Casa Amueblada de 2 Hab y Carril de Nado en El Refugio","MN 28,000"
"1615738892-17577","https://www.inmuebles24.com/casas-en-renta-en-fraccionamiento-milenio.html","Casa Amueblada en Renta, Fracc. Milenio III, Querétaro, México","MN 25,000"
"1615738907-17598","https://www.inmuebles24.com/casas-en-renta-en-juriquilla-pagina-8.html","Casa en Renta San Francisco Juriquilla","MN 24,000"
"1615738931-17666","https://www.inmuebles24.com/casas-en-renta-en-juriquilla-pagina-5.html","Casa con Vigilancia en Renta; Dolce Terra Juriquilla, Querét","MN 18,000"
"1615738981-17812","https://www.inmuebles24.com/casas-en-renta-en-fraccionamiento-residencial-el-refugio-pagina-2.html","Casa de 3 Recámaras en Renta Dentro de Privada con Amenidades en El Refugio","MN 12,500"
"1615738957-17738","https://www.inmuebles24.com/casas-en-renta-en-juriquilla-pagina-2.html","Hermosa Casa en Juriquilla Santa Fé. Condominio Residencial.","MN 16,000"
"1615738957-17743","https://www.inmuebles24.com/casas-en-renta-en-juriquilla-pagina-2.html","En Renta en Hacienda Juriquilla Santa Fe","MN 22,000"
"1615738989-17823","https://www.inmuebles24.com/casas-en-renta-en-fraccionamiento-residencial-el-refugio-pagina-1.html","Gran Casa en Renta. El Refugio. Fvr","MN 15,500"
"1615738931-17674","https://www.inmuebles24.com/casas-en-renta-en-juriquilla-pagina-5.html","Valle de Juriquilla Casa en Renta en Condominio con Acceso C","MN 33,000"
"1615738885-17572","https://www.inmuebles24.com/casas-en-renta-en-fraccionamiento-el-mirador-ciudad-de-queretaro-pagina-1.html","Casa de 3 Recámaras en Renta Dentro de Privada con Amenidades en El Mirador","MN 11,998"
"1615738939-17686","https://www.inmuebles24.com/casas-en-renta-en-juriquilla-pagina-4.html","Venta / Renta Casa Amueblada en Cumbres del Lago Juriquilla Ll","MN 35,000"
"1615738877-17545","https://www.inmuebles24.com/casas-en-renta-en-fraccionamiento-el-mirador-ciudad-de-queretaro-pagina-2.html","Hermosa Casa en Renta El Mirador. Lc","MN 11,500"
"1615738915-17626","https://www.inmuebles24.com/casas-en-renta-en-juriquilla-pagina-7.html","Casa en Venta en San Francisco Juriquilla, Querétaro.","MN 29,000"
"1615738931-17669","https://www.inmuebles24.com/casas-en-renta-en-juriquilla-pagina-5.html","Casa en Renta en Cumbres del Lago Juriquilla, Querétaro.","MN 28,000"
"1615738885-17573","https://www.inmuebles24.com/casas-en-renta-en-fraccionamiento-el-mirador-ciudad-de-queretaro-pagina-1.html","Venta de Casa en Excelente Precio y Ubicacion Dentro del Mirador","MN 9,000"
"1615738931-17676","https://www.inmuebles24.com/casas-en-renta-en-juriquilla-pagina-5.html","Renta de Casa en Juriquilla Avh 20 - 3660","MN 18,000"
"1615738869-17525","https://www.inmuebles24.com/casas-en-renta-en-el-campanario-ciudad-de-queretaro-pagina-1.html","Casa en Renta en El Campanario","MN 70,000"
"1615738981-17813","https://www.inmuebles24.com/casas-en-renta-en-fraccionamiento-residencial-el-refugio-pagina-2.html","Querétaro El Refugio Casa 3 Recámaras con Roof Garden Cmc#20 - 35310","MN 16,900"
"1615738907-17594","https://www.inmuebles24.com/casas-en-renta-en-juriquilla-pagina-8.html","Casa en Renta en Juriquilla, Querétaro.","MN 55,000"
"1615738973-17777","https://www.inmuebles24.com/casas-en-renta-en-fraccionamiento-residencial-el-refugio-pagina-3.html","Casa en Renta en El Refugio de 3 Recamaras Tiene Buena Ubicacion y Precio","MN 13,000"
"1615738973-17796","https://www.inmuebles24.com/casas-en-renta-en-fraccionamiento-residencial-el-refugio-pagina-3.html","Casa en Renta en El Refugio Queretaro","MN 15,507"
"1615738981-17817","https://www.inmuebles24.com/casas-en-renta-en-fraccionamiento-residencial-el-refugio-pagina-2.html","Casa de 3 Recámaras en Renta Dentro de Privada en El Refugio Srm","MN 12,500"
"1615738939-17691","https://www.inmuebles24.com/casas-en-renta-en-juriquilla-pagina-4.html","Departamento Amueblado en Biosfera Juriquilla, 3 Recamaras, 2.5 Baños, Elevador","MN 22,000"
"1615738989-17832","https://www.inmuebles24.com/casas-en-renta-en-fraccionamiento-residencial-el-refugio-pagina-1.html","Renta Casa Amueblada en Torre de Piedra El Refugio Kd","MN 15,500"
"1615738965-17772","https://www.inmuebles24.com/casas-en-renta-en-juriquilla-pagina-1.html","Renta Casa Juriquilla Qro","MN 13,300"
"1615738989-17843","https://www.inmuebles24.com/casas-en-renta-en-fraccionamiento-residencial-el-refugio-pagina-1.html","Casa en Renta en El Refugio 21112 Jl","MN 12,001"
"1615738965-17755","https://www.inmuebles24.com/casas-en-renta-en-juriquilla-pagina-1.html","Hermosa Casa Santa Fé Juriquilla, Alberca, Gimnasio, Segurid","MN 17,000"
"1615738915-17620","https://www.inmuebles24.com/casas-en-renta-en-juriquilla-pagina-7.html","Casa Amueblada en Renta La Cañada Juriquilla","MN 80,000"
"1615738973-17788","https://www.inmuebles24.com/casas-en-renta-en-fraccionamiento-residencial-el-refugio-pagina-3.html","Casa en Renta en El Refugio Amueblada El Precio Incluye Todos Los Servicios","MN 19,000"
"1615738869-17521","https://www.inmuebles24.com/casas-en-renta-en-el-campanario-ciudad-de-queretaro-pagina-1.html","Casa en Venta o Renta","MN 85,000"
"1615738947-17704","https://www.inmuebles24.com/casas-en-renta-en-juriquilla-pagina-3.html","Casa en Renta Juriquilla 3 Habitaciones Jrh","MN 40,000"
"1615738885-17562","https://www.inmuebles24.com/casas-en-renta-en-fraccionamiento-el-mirador-ciudad-de-queretaro-pagina-1.html","Casa de 3 Recámaras en Renta Dentro de Privada en El Mirador","MN 11,499"
"1615738915-17619","https://www.inmuebles24.com/casas-en-renta-en-juriquilla-pagina-7.html","Excelente Casa en San Isidro Juriquilla","MN 10,500"
"1615738973-17791","https://www.inmuebles24.com/casas-en-renta-en-fraccionamiento-residencial-el-refugio-pagina-3.html","Renta Casa Refugio","MN 14,000"
"1615738973-17795","https://www.inmuebles24.com/casas-en-renta-en-fraccionamiento-residencial-el-refugio-pagina-3.html","Rento Casa El Refugio","MN 12,500"
"1615738965-17758","https://www.inmuebles24.com/casas-en-renta-en-juriquilla-pagina-1.html","Casa en Renta con 3 Recamaras en Santa Fe Juriquilla","MN 12,000"
"1615738981-17803","https://www.inmuebles24.com/casas-en-renta-en-fraccionamiento-residencial-el-refugio-pagina-2.html","El Refugio, Casa en Renta en Privada con Amenidades. Fvr","MN 13,000"
"1615738957-17729","https://www.inmuebles24.com/casas-en-renta-en-juriquilla-pagina-2.html","Casa en Renta Amueblada en Juriquilla","MN 12,000"
"1615738989-17838","https://www.inmuebles24.com/casas-en-renta-en-fraccionamiento-residencial-el-refugio-pagina-1.html","Casa Amueblada de 3 Recámaras en Renta en El Refugio","MN 18,999"
"1615738965-17759","https://www.inmuebles24.com/casas-en-renta-en-juriquilla-pagina-1.html","Casa en Renta 2 Recámaras, Alberca, Privada Hacienda Juriquilla Santa Fe","MN 12,900"
"1615738885-17558","https://www.inmuebles24.com/casas-en-renta-en-fraccionamiento-el-mirador-ciudad-de-queretaro-pagina-1.html","Renta Casa Bonita en El Mirador de 3 Niveles Doble Seguridad y Amenidades Jf","MN 12,000"
"1615738957-17732","https://www.inmuebles24.com/casas-en-renta-en-juriquilla-pagina-2.html","Renta Linda Casa en Cumbres del Lago","MN 16,000"
"1615738915-17622","https://www.inmuebles24.com/casas-en-renta-en-juriquilla-pagina-7.html","Casa de 3 Recámaras con Roof Garden y Cuarto de Servicio Renta Altos Juriquilla","MN 18,999"
"1615738981-17807","https://www.inmuebles24.com/casas-en-renta-en-fraccionamiento-residencial-el-refugio-pagina-2.html","Casa en Renta en El Refugio 3 Recamaras Excelentes Amenidades Sala de Tv Ycc","MN 12,000"
"1615738892-17579","https://www.inmuebles24.com/casas-en-renta-en-fraccionamiento-milenio.html","Renta de Casa en Milenio 3 Era Sección 20 - 725","MN 15,000"
"1615738923-17651","https://www.inmuebles24.com/casas-en-renta-en-juriquilla-pagina-6.html","Casa en Renta en Grand Juriquilla Queretaro Rcr - Vs","MN 14,500"
"1615738947-17719","https://www.inmuebles24.com/casas-en-renta-en-juriquilla-pagina-3.html","Residencia de Lujo con Alberca en San Francisco Juriquilla","MN 65,000"
"1615738915-17617","https://www.inmuebles24.com/casas-en-renta-en-juriquilla-pagina-7.html","Renta Casa 1 Piso Juriquilla","MN 15,000"
"1615738973-17780","https://www.inmuebles24.com/casas-en-renta-en-fraccionamiento-residencial-el-refugio-pagina-3.html","Gran Casa en Renta. El Refugio","MN 19,000"
"1615738915-17607","https://www.inmuebles24.com/casas-en-renta-en-juriquilla-pagina-7.html","Casa en Renta en Santa Fe Juriquilla a Espaldas del Superama en Condominio Privado con Vigilancia","MN 13,000"
"1615738965-17752","https://www.inmuebles24.com/casas-en-renta-en-juriquilla-pagina-1.html","Casa en Renta en Juriquilla, Querétaro","MN 29,000"
"1615738947-17705","https://www.inmuebles24.com/casas-en-renta-en-juriquilla-pagina-3.html","Casa en Venta en Lomas de Juriquilla","MN 25,000"
"1615738869-17536","https://www.inmuebles24.com/casas-en-renta-en-el-campanario-ciudad-de-queretaro-pagina-1.html","Espectacular! Casa en Renta El Campanario, Queretaro","MN 105,000"
"1615738981-17801","https://www.inmuebles24.com/casas-en-renta-en-fraccionamiento-residencial-el-refugio-pagina-2.html","Hermosa y Cómoda Casa de Tres Habitaciones en El Refugio.","MN 14,000"
"1615738885-17570","https://www.inmuebles24.com/casas-en-renta-en-fraccionamiento-el-mirador-ciudad-de-queretaro-pagina-1.html","Casa Amueblada en El Mirador de 3 Dorm. y 158 M²! Atc","MN 20,000"
"1615738915-17624","https://www.inmuebles24.com/casas-en-renta-en-juriquilla-pagina-7.html","Renta Casas Queretaro Juriquilla La Rica Aa","MN 55,000"
"1615738923-17631","https://www.inmuebles24.com/casas-en-renta-en-juriquilla-pagina-6.html","Casa Sola en Renta en San Francisco Juriquilla Ll","MN 23,000"
"1615738915-17616","https://www.inmuebles24.com/casas-en-renta-en-juriquilla-pagina-7.html","Juriquilla Hermosa Casa en Renta de 3 Recamaras Sala de Tv en Privada","MN 15,000"
"1615738842-17511","https://www.inmuebles24.com/casas-en-renta-en-el-campanario-ciudad-de-queretaro-pagina-2.html","Casa en Renta en El Campanario","MN 63,000"
"1615738957-17733","https://www.inmuebles24.com/casas-en-renta-en-juriquilla-pagina-2.html","Hermosa Casa Amplia en Grand Juriquilla","MN 15,000"
"1615738957-17749","https://www.inmuebles24.com/casas-en-renta-en-juriquilla-pagina-2.html","Casa de 3 hab.(Un Nivel) en Villas del Mesón","MN 27,000"
"1615738923-17649","https://www.inmuebles24.com/casas-en-renta-en-juriquilla-pagina-6.html","Se Renta Hermosa Casa en Cumbres del Lago","MN 18,000"
"1615738877-17551","https://www.inmuebles24.com/casas-en-renta-en-fraccionamiento-el-mirador-ciudad-de-queretaro-pagina-2.html","Renta Casa Amueblada, Mirador","MN 13,500"
"1615738885-17574","https://www.inmuebles24.com/casas-en-renta-en-fraccionamiento-el-mirador-ciudad-de-queretaro-pagina-1.html","Casa Duplex en Renta en El Mirador Gps","MN 12,000"
"1615738931-17665","https://www.inmuebles24.com/casas-en-renta-en-juriquilla-pagina-5.html","Casa en Renta Grand Juriquilla","MN 22,000"
"1615738947-17716","https://www.inmuebles24.com/casas-en-renta-en-juriquilla-pagina-3.html","Renta Casa Juriquilla","MN 17,500"
"1615738939-17680","https://www.inmuebles24.com/casas-en-renta-en-juriquilla-pagina-4.html","Se Renta Precioso Departamento en Biosfera Juriquilla, 3 Recamaras, 2.5 Baños,.","MN 17,500"
"1615738915-17618","https://www.inmuebles24.com/casas-en-renta-en-juriquilla-pagina-7.html","Renta de Casa con 5 Recamaras y Amplios Espacios Ubicada en Privada Juriquilla","MN 60,000"
"1615738989-17830","https://www.inmuebles24.com/casas-en-renta-en-fraccionamiento-residencial-el-refugio-pagina-1.html","El Refugio, Casa en Renta con Excelente Ubicación a Pie de Calle. Fvr","MN 13,500"
"1615738947-17710","https://www.inmuebles24.com/casas-en-renta-en-juriquilla-pagina-3.html","Casa en Renta Torre de Piedra 4 Recamaras","MN 18,000"
"1615738965-17754","https://www.inmuebles24.com/casas-en-renta-en-juriquilla-pagina-1.html","Se Renta Hermosa Casa Amueblada en Juriquilla","MN 16,000"
"1615738931-17663","https://www.inmuebles24.com/casas-en-renta-en-juriquilla-pagina-5.html","Preciosa Casa Amueblada en Residencial Paraiso, Juriquilla","MN 16,000"
"1615738842-17510","https://www.inmuebles24.com/casas-en-renta-en-el-campanario-ciudad-de-queretaro-pagina-2.html","Casa en Renta en Hacienda El Campanario","MN 15,000"
"1615738965-17756","https://www.inmuebles24.com/casas-en-renta-en-juriquilla-pagina-1.html","Casa de 3 Hab. + Cuarto de Servicio en Valle de Juriquilla","MN 19,000"
"1615738923-17632","https://www.inmuebles24.com/casas-en-renta-en-juriquilla-pagina-6.html","Casa en Venta en Real de Juriquilla, Querétaro. con Alberca!","MN 19,000"
"1615738939-17687","https://www.inmuebles24.com/casas-en-renta-en-juriquilla-pagina-4.html","Casa Renta Grand Juriquilla","MN 22,000"
"1615738981-17814","https://www.inmuebles24.com/casas-en-renta-en-fraccionamiento-residencial-el-refugio-pagina-2.html","Exclusiva Casa en Renta El Refugio","MN 15,500"
"1615738907-17585","https://www.inmuebles24.com/casas-en-renta-en-juriquilla-pagina-8.html","Casa en Venta en a Cumbres del Lago Juriquilla, Qro.","MN 32,000"
"1615738907-17583","https://www.inmuebles24.com/casas-en-renta-en-juriquilla-pagina-8.html","Juriquilla Casa en Renta Grand Juriquilla Queretaro","MN 15,500"
"1615738877-17542","https://www.inmuebles24.com/casas-en-renta-en-fraccionamiento-el-mirador-ciudad-de-queretaro-pagina-2.html","Casa en Renta El Mirador","MN 8,700"
"1615738965-17771","https://www.inmuebles24.com/casas-en-renta-en-juriquilla-pagina-1.html","Iluminada Residencia de 4 Habitaciones, Una en Pb en Juriquilla","MN 16,500"
"1615738923-17654","https://www.inmuebles24.com/casas-en-renta-en-juriquilla-pagina-6.html","~ Juriquilla V. m. ~ Atractiva Casa * Fracc. con Alberca *","MN 28,000"
"1615738973-17793","https://www.inmuebles24.com/casas-en-renta-en-fraccionamiento-residencial-el-refugio-pagina-3.html","Venta o Renta Casa en El Refugio Torre de Piedra Kd","MN 19,200"
"1615738939-17692","https://www.inmuebles24.com/casas-en-renta-en-juriquilla-pagina-4.html","Preciosa Casa en Renta en Cumbres del Lago Juriquilla","MN 23,000"
"1615738931-17667","https://www.inmuebles24.com/casas-en-renta-en-juriquilla-pagina-5.html","Renta Casa Juriquilla","MN 40,000"
"1615738939-17684","https://www.inmuebles24.com/casas-en-renta-en-juriquilla-pagina-4.html","Renta Casa Juriquilla Villas del Meson","MN 23,000"
"1615738907-17595","https://www.inmuebles24.com/casas-en-renta-en-juriquilla-pagina-8.html","Linda Casa con Amplio Jardín / Juriquilla","MN 37,000"
"1615738947-17726","https://www.inmuebles24.com/casas-en-renta-en-juriquilla-pagina-3.html","~ Juriquilla ~ Casa ""Lujosa"" con Amplio Jardín T= 1,150 m² /","MN 55,000"
"1615738915-17612","https://www.inmuebles24.com/casas-en-renta-en-juriquilla-pagina-7.html","Hermosa Residencia en La Condesa Juriquilla, 4ta Recámara en P. B, 4 Baños, Lujo","MN 22,000"
"1615738907-17606","https://www.inmuebles24.com/casas-en-renta-en-juriquilla-pagina-8.html","Renta de Casa en Juriquilla Santa Fe","MN 12,000"
"1615738939-17694","https://www.inmuebles24.com/casas-en-renta-en-juriquilla-pagina-4.html","Casa Amplia en Renta con 3 Recamaras y Gran Terraza en Juriquilla Ycc","MN 18,000"
"1615738885-17576","https://www.inmuebles24.com/casas-en-renta-en-fraccionamiento-el-mirador-ciudad-de-queretaro-pagina-1.html","Renta Una Gran Casa en Milenio III Cerca de Av Principal","MN 18,000"
"1615738885-17571","https://www.inmuebles24.com/casas-en-renta-en-fraccionamiento-el-mirador-ciudad-de-queretaro-pagina-1.html","El Mirador, Lindo Departamento a Estrenar en Renta. Fvr","MN 14,000"
"1615738869-17532","https://www.inmuebles24.com/casas-en-renta-en-el-campanario-ciudad-de-queretaro-pagina-1.html","Casa en Renta El Campanario, Querétaro","USD 7,000"
"1615738981-17799","https://www.inmuebles24.com/casas-en-renta-en-fraccionamiento-residencial-el-refugio-pagina-2.html","Renta Casa Amueblada, El Refugio","MN 18,000"
"1615738885-17569","https://www.inmuebles24.com/casas-en-renta-en-fraccionamiento-el-mirador-ciudad-de-queretaro-pagina-1.html","Renta/venta Casa Amueblada Mirador 3 Recamaras","MN 12,000"
"1615738939-17685","https://www.inmuebles24.com/casas-en-renta-en-juriquilla-pagina-4.html","Casa en Renta - Juriquilla - Queretaro - C1565","MN 10,000"
"1615738989-17825","https://www.inmuebles24.com/casas-en-renta-en-fraccionamiento-residencial-el-refugio-pagina-1.html","Amplia Casa en Renta - El Refugio, Lc","MN 14,000"
"1615738981-17815","https://www.inmuebles24.com/casas-en-renta-en-fraccionamiento-residencial-el-refugio-pagina-2.html","En Renta Casa Amueblada El Refugio. Lc","MN 14,000"
"1615738885-17555","https://www.inmuebles24.com/casas-en-renta-en-fraccionamiento-el-mirador-ciudad-de-queretaro-pagina-1.html","Casa en Renta El Mirador 3 Habitaciones Jrh","MN 25,000"
"1615738965-17763","https://www.inmuebles24.com/casas-en-renta-en-juriquilla-pagina-1.html","Casa en Renta en Villa Náutica, Juriquilla","MN 35,000"
"1615738869-17529","https://www.inmuebles24.com/casas-en-renta-en-el-campanario-ciudad-de-queretaro-pagina-1.html","Casa en Renta en El Campanario","MN 63,000"
"1615738939-17695","https://www.inmuebles24.com/casas-en-renta-en-juriquilla-pagina-4.html","Casa Renta Juriquilla Querétaro Amueblada Condominio Mayoral 2 con Jardín","MN 13,500"
"1615738965-17765","https://www.inmuebles24.com/casas-en-renta-en-juriquilla-pagina-1.html","Casa de Lujo en Renta en Cumbres del Lago Juriquilla con 4ta Recámara en Pb","MN 35,000"
"1615738989-17831","https://www.inmuebles24.com/casas-en-renta-en-fraccionamiento-residencial-el-refugio-pagina-1.html","Casa en Renta. El Refugio","MN 14,013"
"1615738915-17623","https://www.inmuebles24.com/casas-en-renta-en-juriquilla-pagina-7.html","Renta Moderna Casa Amueblada en Altos de Juriquilla Jf","MN 22,000"
"1615738869-17527","https://www.inmuebles24.com/casas-en-renta-en-el-campanario-ciudad-de-queretaro-pagina-1.html","Casa en Venta y Renta El Campanario, Querétaro","MN 55,000"
"1615738869-17533","https://www.inmuebles24.com/casas-en-renta-en-el-campanario-ciudad-de-queretaro-pagina-1.html","Casa - Fraccionamiento El Campanario","MN 80,000"
"1615738973-17775","https://www.inmuebles24.com/casas-en-renta-en-fraccionamiento-residencial-el-refugio-pagina-3.html","Espectacular Casa Amueblada en Renta con 3 Rec en El Refugio Jf","MN 19,000"
"1615738907-17596","https://www.inmuebles24.com/casas-en-renta-en-juriquilla-pagina-8.html","Renta Casa Juriquilla","MN 23,000"
"1615738973-17781","https://www.inmuebles24.com/casas-en-renta-en-fraccionamiento-residencial-el-refugio-pagina-3.html","Casa en Renta en El Refugio","MN 13,000"
"1615738923-17642","https://www.inmuebles24.com/casas-en-renta-en-juriquilla-pagina-6.html","Oficina en Renta Wtc Juriquilla","MN 14,000"
"1615738965-17764","https://www.inmuebles24.com/casas-en-renta-en-juriquilla-pagina-1.html","Juriquilla, Condominio Aura, 2recs. Sala Tv, Alberca, Vigila","MN 12,000"
"1615738965-17751","https://www.inmuebles24.com/casas-en-renta-en-juriquilla-pagina-1.html","Real del Lago. Casa en Venta.","MN 16,000"
"1615738965-17768","https://www.inmuebles24.com/casas-en-renta-en-juriquilla-pagina-1.html","Estrena 3recámara 3baños Salat. V. Enp. A. Cocina Equipada y Estudio Ó4°rec Enp. B.","MN 12,000"
"1615738939-17679","https://www.inmuebles24.com/casas-en-renta-en-juriquilla-pagina-4.html","Casa en Cómoda Privada de 3 Niveles y 260 M²! Jgj","MN 22,000"
"1615738973-17786","https://www.inmuebles24.com/casas-en-renta-en-fraccionamiento-residencial-el-refugio-pagina-3.html","Casa en Renta 3 Recámaras","MN 13,000"
"1615738973-17776","https://www.inmuebles24.com/casas-en-renta-en-fraccionamiento-residencial-el-refugio-pagina-3.html","Casa en Renta Amueblada con 3 Recámaras en El Refugio.","MN 19,000"
"1615738973-17783","https://www.inmuebles24.com/casas-en-renta-en-fraccionamiento-residencial-el-refugio-pagina-3.html","Renta Casa en El Refugio - Lc","MN 12,500"
"1615738885-17559","https://www.inmuebles24.com/casas-en-renta-en-fraccionamiento-el-mirador-ciudad-de-queretaro-pagina-1.html","Hermosa Casa en El Mirador de 3 Recamaras! Myl","MN 11,500"
"1615738973-17797","https://www.inmuebles24.com/casas-en-renta-en-fraccionamiento-residencial-el-refugio-pagina-3.html","Casa en Renta en Fraccionamiento Residencial El Refugio","MN 12,500"
"1615738981-17809","https://www.inmuebles24.com/casas-en-renta-en-fraccionamiento-residencial-el-refugio-pagina-2.html","Casa en Renta en El Refugio 3 Recamaras, Balcon Excelentes Amenidades Ycc","MN 12,500"
"1615738915-17614","https://www.inmuebles24.com/casas-en-renta-en-juriquilla-pagina-7.html","Casa en Renta en Juriquilla Valle","MN 14,000"
"1615738885-17575","https://www.inmuebles24.com/casas-en-renta-en-fraccionamiento-el-mirador-ciudad-de-queretaro-pagina-1.html","En Renta Hermosa Casa Dentro del Mirador y en Privada","MN 11,500"
"1615738923-17633","https://www.inmuebles24.com/casas-en-renta-en-juriquilla-pagina-6.html","Casa en Renta en Juriquilla","MN 12,900"
"1615738957-17730","https://www.inmuebles24.com/casas-en-renta-en-juriquilla-pagina-2.html","Casa en Renta en Cumbres del Lago con Cuarto de Servicio","MN 23,000"
"1615738989-17835","https://www.inmuebles24.com/casas-en-renta-en-fraccionamiento-residencial-el-refugio-pagina-1.html","4 Recamaras 3.5 Baños, Sala Comedor, Cocina Equipada y Roof","MN 14,000"
"1615738931-17678","https://www.inmuebles24.com/casas-en-renta-en-juriquilla-pagina-5.html","Casa en Renta en Hacienda Juriquilla","MN 18,000"
"1615738869-17531","https://www.inmuebles24.com/casas-en-renta-en-el-campanario-ciudad-de-queretaro-pagina-1.html","Renta Casa El Campanario","MN 100,000"
"1615738842-17506","https://www.inmuebles24.com/casas-en-renta-en-el-campanario-ciudad-de-queretaro-pagina-2.html","Casa en Renta El Campanario, Querétaro","USD 7,000"
"1615738965-17766","https://www.inmuebles24.com/casas-en-renta-en-juriquilla-pagina-1.html","Casa en Renta Villas del Mesón Juriquilla","MN 37,000"
"1615738957-17727","https://www.inmuebles24.com/casas-en-renta-en-juriquilla-pagina-2.html","Casa en Venta/renta - Cumbres del Lago, Juriquilla - C1551","MN 35,000"
"1615738915-17615","https://www.inmuebles24.com/casas-en-renta-en-juriquilla-pagina-7.html","Preventa 3recámaras 3baños Sala de Tv, Estudio Ó 4°recámara en Pb y Roof Garden","MN 12,000"
"1615738947-17711","https://www.inmuebles24.com/casas-en-renta-en-juriquilla-pagina-3.html","Casa en Renta Cumbres del Lago","MN 16,500"
"1615738877-17546","https://www.inmuebles24.com/casas-en-renta-en-fraccionamiento-el-mirador-ciudad-de-queretaro-pagina-2.html","Hermosa Casa Dentro del Mirador y en Privada, con Amenidades.","MN 11,500"
"1615738869-17524","https://www.inmuebles24.com/casas-en-renta-en-el-campanario-ciudad-de-queretaro-pagina-1.html","Casa en Renta - El Campanario - Queretaro - C1582","MN 64,000"
"1615738907-17599","https://www.inmuebles24.com/casas-en-renta-en-juriquilla-pagina-8.html","Casa en Renta en Olivos Cumbres Juriquilla","MN 15,500"
"1615738981-17821","https://www.inmuebles24.com/casas-en-renta-en-fraccionamiento-residencial-el-refugio-pagina-2.html","Casa de 3 Recámaras en Renta Dentro de Privada en El Refugio","MN 13,999"
"1615738989-17837","https://www.inmuebles24.com/casas-en-renta-en-fraccionamiento-residencial-el-refugio-pagina-1.html","Casa en Renta. El Refugio. Fvr","MN 18,500"
"1615738907-17591","https://www.inmuebles24.com/casas-en-renta-en-juriquilla-pagina-8.html","Casa Moderna Amueblada en Renta en Juriquilla Kpo 21 - 373","MN 22,000"
"1615738915-17625","https://www.inmuebles24.com/casas-en-renta-en-juriquilla-pagina-7.html","Hermosa Casa en Renta Altos Juriquilla","MN 14,500"
"1615738885-17564","https://www.inmuebles24.com/casas-en-renta-en-fraccionamiento-el-mirador-ciudad-de-queretaro-pagina-1.html","Hermosa Casa en Renta de 3 Recámaras en El Mirador 20 1892","MN 11,700"
"1615738885-17566","https://www.inmuebles24.com/casas-en-renta-en-fraccionamiento-el-mirador-ciudad-de-queretaro-pagina-1.html","El Mirador Casa Sin Amueblar de 3 Recamaras y 119 M²!","MN 12,000"
"1615738973-17785","https://www.inmuebles24.com/casas-en-renta-en-fraccionamiento-residencial-el-refugio-pagina-3.html","El Refugio, Bella y Cómoda Propiedad Para Renta. Fvr","MN 11,006"
"1615738869-17519","https://www.inmuebles24.com/casas-en-renta-en-el-campanario-ciudad-de-queretaro-pagina-1.html","Casa - Fraccionamiento El Campanario","MN 130,000"
"1615738885-17557","https://www.inmuebles24.com/casas-en-renta-en-fraccionamiento-el-mirador-ciudad-de-queretaro-pagina-1.html","El Mirador Casa Sin Amueblar de 127 M²!","MN 11,525"
"1615738915-17610","https://www.inmuebles24.com/casas-en-renta-en-juriquilla-pagina-7.html","Casa en Renta en Campestre Juriquilla","MN 24,000"
"1615738973-17794","https://www.inmuebles24.com/casas-en-renta-en-fraccionamiento-residencial-el-refugio-pagina-3.html","Se Renta Casa en El Refugio, Querétaro","MN 10,000"
"1615738939-17690","https://www.inmuebles24.com/casas-en-renta-en-juriquilla-pagina-4.html","Casa en Renta en Cumbres del Lago","MN 18,000"
"1615738842-17515","https://www.inmuebles24.com/casas-en-renta-en-el-campanario-ciudad-de-queretaro-pagina-2.html","Casa Renta El Campanario","MN 85,000"
"1615738907-17604","https://www.inmuebles24.com/casas-en-renta-en-juriquilla-pagina-8.html","Renta Casa Juriquilla Qro","MN 13,300"
"1615738939-17697","https://www.inmuebles24.com/casas-en-renta-en-juriquilla-pagina-4.html","Casa en Renta en Cumbres del Lago Juriquilla, Queretaro, Amueblada","MN 15,000"
"1615738842-17508","https://www.inmuebles24.com/casas-en-renta-en-el-campanario-ciudad-de-queretaro-pagina-2.html","Casa en Renta en Res El Campanario","MN 85,000"
